Item Identifier,Outlet Identifier,Actual Sales,Predicted Sales
FDX11,OUT035,183.6634,178.83
DRL47,OUT035,127.3362,129.89
DRJ51,OUT017,231.1668,209.58
NCB43,OUT045,188.3898,169.76
FDN46,OUT035,102.6332,102.0
FDW11,OUT013,60.4194,84.12
NCY29,OUT019,56.293,86.16
NCS17,OUT049,92.5436,101.81
FDN21,OUT027,163.1236,140.78
FDZ59,OUT019,165.65,122.51
FDZ26,OUT035,239.6222,235.04
FDS43,OUT035,186.924,179.69
NCQ38,OUT013,105.528,107.72
FDM09,OUT045,167.879,162.43
FDR15,OUT027,153.8314,145.66
FDC14,OUT046,40.5454,42.21
FDY40,OUT010,48.4692,104.35
FDA27,OUT017,257.2672,245.62
DRA59,OUT010,183.9924,169.56
FDX09,OUT049,175.437,169.0
FDG16,OUT045,215.1192,194.37
FDZ56,OUT013,168.1474,147.48
FDX51,OUT049,195.9452,184.26
FDA22,OUT046,165.2158,164.24
NCH55,OUT010,124.802,148.64
FDJ20,OUT049,123.4388,132.79
FDU07,OUT045,152.8366,152.02
NCK54,OUT018,118.515,130.53
NCH54,OUT018,160.692,164.61
FDU33,OUT018,47.2402,77.32
FDE34,OUT010,182.2634,158.76
NCY18,OUT013,174.3054,166.83
FDR46,OUT027,147.476,142.29
FDP40,OUT013,110.1544,117.87
FDP03,OUT010,122.1388,139.05
FDZ27,OUT013,50.035,66.95
FDH27,OUT045,145.3128,138.69
FDK21,OUT035,249.0408,246.22
FDR52,OUT027,190.4846,171.1
FDZ56,OUT049,169.9474,151.64
FDY57,OUT045,95.0752,101.32
FDZ09,OUT017,165.6868,159.95
NCS53,OUT013,158.3604,154.05
NCF55,OUT045,34.9874,96.14
FDS04,OUT017,141.5838,141.83
FDG56,OUT018,59.7536,78.61
FDS52,OUT019,102.5016,110.02
FDK43,OUT013,126.002,127.18
FDI45,OUT018,173.9054,166.18
FDU28,OUT017,187.8214,169.98
FDC10,OUT049,121.6098,125.57
NCC54,OUT049,239.3196,237.06
NCB07,OUT049,197.611,145.01
FDU08,OUT035,101.0042,128.91
NCN07,OUT018,130.9284,137.44
NCN14,OUT046,182.7608,172.98
DRE12,OUT049,111.686,124.45
FDU21,OUT027,32.8558,45.39
DRC24,OUT017,153.2018,139.84
NCI55,OUT049,121.5414,131.9
FDY40,OUT013,49.0692,61.38
FDN12,OUT046,112.3544,120.42
FDN33,OUT027,93.0436,139.37
FDU27,OUT017,47.1376,74.64
FDC22,OUT013,195.082,169.64
FDK16,OUT013,94.4094,96.13
FDQ07,OUT045,221.7456,204.98
FDK26,OUT035,184.824,181.07
FDN44,OUT027,161.592,152.08
FDB26,OUT045,52.364,71.19
FDQ07,OUT049,219.8456,205.79
DRL11,OUT027,156.5946,130.47
FDD51,OUT049,45.0744,75.25
NCS05,OUT013,133.2942,135.69
FDW38,OUT046,53.7298,75.47
NCI29,OUT018,140.5154,141.39
FDL51,OUT018,212.5876,199.96
NCE31,OUT013,35.4216,41.52
FDQ36,OUT017,39.2848,54.99
FDG40,OUT010,32.6558,96.54
FDS43,OUT045,187.324,179.25
FDJ03,OUT045,48.5692,67.25
FDH28,OUT049,39.7506,60.24
FDQ48,OUT018,98.1726,110.57
NCC19,OUT035,193.982,161.73
FDW23,OUT013,36.7164,53.28
DRH13,OUT018,106.328,125.88
FDU58,OUT045,186.4898,135.07
FDK08,OUT013,100.1016,102.35
FDP24,OUT027,120.9756,165.9
NCN18,OUT045,112.7544,124.81
NCB42,OUT035,117.2492,124.14
FDA20,OUT018,186.424,181.2
FDV09,OUT010,146.6734,156.77
FDK15,OUT010,98.4042,129.43
FDP20,OUT013,128.102,128.79
DRH03,OUT046,92.412,107.59
DRK47,OUT045,229.4694,214.99
NCK05,OUT010,61.3536,95.8
FDX44,OUT049,89.4172,100.25
FDN21,OUT013,161.0236,157.06
DRC13,OUT045,122.573,142.2
FDO52,OUT045,169.3106,160.16
FDH22,OUT049,128.7678,125.88
FDZ04,OUT049,62.351,71.48
NCV06,OUT017,194.0478,181.59
DRJ11,OUT010,189.9872,156.54
DRG23,OUT035,153.8682,150.1
FDB40,OUT010,144.8102,133.89
FDL48,OUT010,47.1034,117.45
FDR47,OUT018,196.0794,183.17
DRL60,OUT018,151.0682,142.5
FDH41,OUT019,213.5534,157.38
DRA12,OUT010,143.0154,129.42
FDF32,OUT018,196.3426,144.81
FDT26,OUT027,120.944,142.59
FDT23,OUT018,78.7986,88.94
FDT36,OUT027,35.2874,48.51
NCV41,OUT018,110.3228,118.48
DRM35,OUT017,177.7344,162.34
FDW01,OUT035,153.4682,131.49
FDA40,OUT035,87.4856,99.66
DRB25,OUT027,106.0938,122.61
FDF12,OUT027,148.6076,163.67
FDA21,OUT049,186.3924,182.18
FDR56,OUT049,199.0768,180.71
NCA17,OUT013,148.4392,149.32
FDY11,OUT013,67.5142,82.55
FDV50,OUT046,122.373,117.84
FDU12,OUT018,265.1568,263.33
FDQ15,OUT035,79.2276,92.85
FDO52,OUT017,171.0106,153.78
FDT14,OUT027,120.744,126.46
DRL37,OUT017,41.377,95.07
NCX54,OUT010,107.7622,109.75
FDV15,OUT018,102.3648,110.41
FDS35,OUT013,63.1826,81.64
FDJ60,OUT035,163.9184,163.87
FDS33,OUT013,90.2514,94.93
DRN47,OUT018,178.566,171.63
FDA15,OUT049,249.8092,247.7
NCY41,OUT046,34.5532,40.15
FDS10,OUT017,180.3318,169.61
FDY36,OUT027,74.238,85.85
FDZ38,OUT017,173.7422,157.68
FDQ40,OUT046,177.2712,172.05
FDN48,OUT045,93.0804,104.52
FDM20,OUT018,246.9144,196.67
FDO58,OUT027,164.8526,118.57
FDO31,OUT018,80.696,92.32
FDO46,OUT017,191.0872,156.47
FDG56,OUT045,60.8536,69.09
FDI58,OUT046,93.412,92.43
FDH20,OUT035,95.441,119.38
FDT39,OUT017,152.8366,147.07
FDV25,OUT045,222.5456,162.36
FDW24,OUT010,50.4034,81.62
FDZ48,OUT019,113.5544,133.09
NCS06,OUT027,260.991,233.62
FDT51,OUT013,110.8544,131.03
NCZ54,OUT045,162.4552,162.35
FDW20,OUT013,124.173,119.79
DRH59,OUT010,73.938,121.92
FDZ57,OUT035,126.7994,133.77
NCQ41,OUT018,193.7794,162.42
NCN17,OUT046,101.4358,108.34
FDE16,OUT049,208.9954,198.97
FDJ27,OUT045,100.7674,108.54
FDI26,OUT019,180.0344,124.87
FDS23,OUT019,129.7994,121.21
FDI19,OUT013,242.9512,233.05
FDS12,OUT035,124.6362,123.61
FDI08,OUT049,250.1092,246.38
FDS24,OUT018,87.2514,97.14
FDM33,OUT017,220.1798,189.8
FDG44,OUT049,55.0298,74.82
FDJ55,OUT013,225.9404,222.19
NCM29,OUT045,129.2626,132.19
NCM17,OUT017,44.5086,52.76
FDR19,OUT027,145.5102,132.7
FDK50,OUT013,162.4894,139.34
NCL55,OUT017,253.704,216.62
FDP24,OUT017,120.8756,134.9
FDB08,OUT017,160.3578,156.58
FDC02,OUT046,258.3278,246.52
FDG46,OUT010,114.7518,130.27
FDC02,OUT018,259.9278,244.71
FDW02,OUT019,126.2704,121.71
NCL31,OUT013,141.447,138.71
NCN41,OUT010,125.073,134.59
FDK43,OUT018,128.402,127.13
FDB17,OUT046,182.5976,173.29
FDS55,OUT027,146.4734,132.78
FDU25,OUT045,57.4246,89.73
FDP51,OUT018,119.4124,157.5
NCF42,OUT017,176.7712,173.43
NCI55,OUT035,123.1414,133.6
FDA28,OUT035,126.1362,123.66
NCO05,OUT018,100.4384,102.84
FDI34,OUT049,229.7668,206.82
DRZ11,OUT017,125.1388,128.25
NCL05,OUT018,44.477,59.1
FDU20,OUT013,119.7098,124.77
FDL39,OUT013,182.1318,167.73
FDX48,OUT019,154.1656,118.21
NCW42,OUT017,220.7456,199.21
FDJ58,OUT010,173.6764,150.33
FDI04,OUT035,198.1426,194.18
FDQ08,OUT046,59.4536,73.29
NCO54,OUT027,56.7614,110.61
DRA24,OUT019,163.2868,118.86
FDH57,OUT010,133.5284,161.58
FDV45,OUT019,189.5556,132.36
NCZ54,OUT027,164.0552,155.98
FDS16,OUT018,147.976,140.14
FDX03,OUT013,44.7744,65.11
DRH13,OUT046,106.628,121.03
FDE23,OUT017,47.806,50.39
FDH48,OUT019,86.254,132.14
FDU38,OUT010,191.4504,155.57
FDR57,OUT035,155.5288,135.43
FDZ04,OUT010,63.751,116.44
FDP19,OUT013,129.3652,155.4
FDY39,OUT018,181.9608,144.42
FDZ03,OUT010,188.024,131.39
FDG53,OUT013,138.718,135.75
FDF04,OUT017,259.2304,256.67
NCU29,OUT019,145.976,143.74
FDC35,OUT045,206.9638,202.42
FDQ09,OUT018,115.2834,117.63
DRC01,OUT027,48.4692,117.98
FDD58,OUT035,99.77,106.2
FDP08,OUT049,192.0478,187.22
FDV39,OUT046,199.3426,180.03
FDG12,OUT018,120.3098,119.59
FDB17,OUT019,180.1976,123.04
FDL52,OUT046,37.1506,49.45
FDX21,OUT010,108.7912,127.72
FDG08,OUT013,172.0764,156.16
NCO02,OUT045,65.9142,77.7
FDX32,OUT010,146.2786,152.47
NCL42,OUT013,246.7144,210.21
FDZ32,OUT018,103.1964,112.89
DRG49,OUT018,242.6486,200.45
FDV48,OUT013,79.8644,103.08
FDZ25,OUT013,171.179,161.43
FDS12,OUT013,126.5362,128.13
FDH28,OUT019,37.4506,83.02
FDX34,OUT027,121.7098,139.46
FDJ32,OUT046,61.4536,100.04
NCQ06,OUT019,254.1014,245.35
FDS14,OUT017,155.1288,143.14
FDN39,OUT010,166.0816,147.58
FDK43,OUT019,125.802,131.39
FDR31,OUT049,144.4102,143.1
NCX18,OUT045,196.511,193.94
FDY59,OUT013,93.6462,102.26
FDD02,OUT046,118.8124,113.14
FDP59,OUT018,104.0648,127.66
FDY24,OUT049,52.9298,69.99
FDV23,OUT027,125.7046,120.28
NCN06,OUT046,162.2868,150.4
FDB15,OUT010,263.4568,248.23
DRN11,OUT046,145.2444,134.32
DRH25,OUT017,50.8324,62.75
FDS37,OUT049,114.3492,119.74
FDJ44,OUT010,173.1396,123.12
FDH45,OUT019,42.3796,74.37
DRH15,OUT013,45.9428,92.85
FDO38,OUT049,76.0986,95.05
DRB25,OUT018,106.2938,116.56
FDK33,OUT035,211.556,184.34
FDW44,OUT010,170.2448,170.28
FDQ31,OUT018,87.0856,135.45
FDO10,OUT013,57.6588,62.84
FDL44,OUT013,162.8894,159.59
FDW22,OUT018,221.3114,180.22
FDQ31,OUT049,87.3856,133.17
FDC04,OUT018,242.9854,208.78
FDX21,OUT046,111.1912,113.31
FDW55,OUT035,248.8092,215.42
FDN46,OUT017,103.1332,133.87
FDM03,OUT027,109.1938,135.04
FDB49,OUT019,98.5384,133.26
FDG26,OUT045,255.933,250.53
FDI22,OUT010,210.2612,170.93
DRG03,OUT046,153.0998,143.95
FDZ09,OUT013,165.2868,160.72
FDE17,OUT013,151.3366,150.75
NCL55,OUT035,253.404,214.69
NCA06,OUT013,34.919,46.24
DRI25,OUT017,56.6614,59.49
FDW51,OUT049,213.356,201.17
NCN42,OUT045,148.6418,133.24
FDP31,OUT017,64.9168,67.36
FDU40,OUT010,192.2478,165.15
FDQ58,OUT035,153.734,143.25
FDR02,OUT045,110.8886,112.59
DRI51,OUT018,173.1764,154.55
NCV06,OUT013,194.2478,185.29
FDD17,OUT010,237.1906,224.07
FDO15,OUT049,72.3038,82.76
NCL19,OUT046,144.047,135.88
NCL06,OUT010,261.7594,212.5
FDI19,OUT010,242.2512,210.72
FDE44,OUT017,50.8692,66.83
FDY19,OUT013,115.8466,119.81
FDM15,OUT046,149.9366,145.13
FDT52,OUT049,244.6144,239.55
FDT46,OUT045,49.8008,70.07
DRK37,OUT019,189.453,110.03
FDW39,OUT019,176.937,124.89
DRM48,OUT027,39.1848,89.15
NCE54,OUT045,73.2354,83.5
NCW41,OUT045,159.3604,153.72
FDG57,OUT046,48.2034,56.78
FDT48,OUT018,199.1084,192.4
FDW26,OUT010,224.2772,208.98
DRJ24,OUT049,186.8924,185.32
FDK44,OUT035,173.5738,161.55
FDY15,OUT035,154.463,148.73
NCW17,OUT027,129.9994,132.1
FDX12,OUT010,241.4196,216.16
FDD16,OUT010,75.0696,117.58
NCE07,OUT027,140.9154,153.87
FDM44,OUT010,103.699,130.37
FDT51,OUT018,110.9544,126.81
NCQ05,OUT019,151.0708,118.76
FDD58,OUT046,101.87,100.06
FDN15,OUT018,138.518,141.49
DRN37,OUT013,168.5158,170.62
FDV26,OUT018,196.1794,192.52
NCF06,OUT010,258.9962,215.99
NCS42,OUT046,92.5146,97.57
FDZ15,OUT027,117.5782,127.62
NCR06,OUT013,42.8112,63.57
DRI03,OUT049,175.1028,151.13
FDV45,OUT046,186.4556,177.68
FDU44,OUT049,164.1552,160.83
FDR21,OUT017,175.137,171.38
DRB24,OUT017,153.1656,148.47
FDQ32,OUT049,121.9388,131.47
NCZ06,OUT013,252.2698,242.93
FDX39,OUT027,209.7586,171.72
FDY38,OUT013,231.23,228.3
NCN07,OUT049,129.9284,133.08
FDD57,OUT017,95.0094,105.36
NCE31,OUT027,33.6216,77.77
FDR03,OUT035,207.898,155.65
FDQ49,OUT019,155.563,120.88
FDF35,OUT017,106.1938,110.33
FDF10,OUT013,148.6418,145.42
FDI15,OUT019,263.1884,222.14
FDR57,OUT046,156.1288,135.47
NCN55,OUT045,238.3538,227.98
NCV30,OUT046,64.851,78.08
DRF49,OUT035,114.4518,111.72
FDU28,OUT019,188.4214,137.64
FDU25,OUT046,56.4246,93.38
FDY03,OUT018,113.2202,111.95
FDN09,OUT035,243.7828,228.85
FDA20,OUT049,187.724,182.03
FDM58,OUT017,111.4544,121.36
FDQ32,OUT018,123.8388,132.92
DRJ59,OUT027,39.0164,89.71
FDO57,OUT019,159.4578,134.99
FDW59,OUT013,86.3566,101.42
FDI21,OUT018,61.9168,73.92
NCR53,OUT019,223.8404,207.19
DRJ37,OUT046,151.9024,136.92
FDO44,OUT035,109.9228,129.66
FDV01,OUT017,153.3314,159.19
FDF20,OUT045,198.4768,178.05
NCV05,OUT017,153.4656,144.24
FDO15,OUT027,72.5038,101.41
FDK51,OUT017,264.5884,265.6
FDW02,OUT046,125.5704,125.59
FDM34,OUT046,132.9626,167.02
FDO50,OUT049,93.1804,108.84
DRF27,OUT027,152.234,139.46
DRH36,OUT013,73.4696,112.78
FDN46,OUT013,100.5332,107.65
FDO57,OUT045,160.9578,162.96
FDV39,OUT013,196.6426,187.9
FDR14,OUT046,52.9298,58.58
FDT07,OUT046,255.433,256.04
FDW28,OUT018,194.3452,185.17
FDC20,OUT017,56.6272,70.46
FDS04,OUT013,141.7838,143.54
NCZ06,OUT027,253.8698,211.82
FDY25,OUT017,181.2976,164.48
FDM34,OUT010,131.0626,160.48
DRK39,OUT017,83.825,131.06
FDL03,OUT017,197.511,179.11
FDS03,OUT018,62.7826,95.19
NCP29,OUT035,64.3168,76.73
FDR44,OUT018,131.2968,128.31
FDY50,OUT027,88.7172,112.63
FDS07,OUT046,113.9518,115.22
FDV25,OUT049,222.1456,201.48
NCK19,OUT018,192.2478,162.24
FDZ26,OUT017,239.8222,234.3
FDS03,OUT035,65.0826,84.67
FDE17,OUT045,152.2366,146.79
FDR20,OUT017,46.2744,51.45
FDY58,OUT017,228.9694,202.34
FDR52,OUT035,189.0846,173.64
FDK57,OUT027,120.044,145.61
FDY10,OUT027,113.1176,138.52
FDW11,OUT027,60.1194,100.39
FDW58,OUT035,107.1622,140.05
FDG08,OUT019,172.0764,141.02
NCQ06,OUT013,256.1014,255.46
FDP24,OUT049,120.1756,131.7
FDW25,OUT035,83.2224,110.22
NCW53,OUT049,193.1162,182.41
FDT16,OUT045,260.5278,244.07
DRF15,OUT019,152.034,133.43
FDX56,OUT019,206.8638,153.11
FDS22,OUT045,45.9428,59.75
FDT13,OUT019,188.8214,149.93
NCP53,OUT013,238.6906,222.7
FDM27,OUT049,157.2946,150.91
FDI15,OUT035,265.0884,247.1
FDJ52,OUT045,161.3578,150.49
NCV41,OUT017,109.8228,117.29
DRH37,OUT049,164.2526,154.75
FDV11,OUT035,177.0054,150.2
FDX14,OUT017,73.8354,98.98
FDS08,OUT027,178.437,154.02
FDW48,OUT013,78.5618,84.01
FDR31,OUT046,146.9102,142.9
FDU13,OUT046,148.0418,142.86
NCX05,OUT045,114.8492,123.31
FDY44,OUT049,196.411,186.58
FDJ40,OUT027,108.6912,117.51
FDL12,OUT027,59.422,108.83
FDJ16,OUT035,59.0246,79.07
NCQ42,OUT027,128.3678,123.51
FDA01,OUT045,57.5904,69.18
FDS39,OUT013,143.8812,123.66
FDZ21,OUT018,98.041,101.12
FDH32,OUT045,96.541,108.39
FDT58,OUT049,168.7816,166.98
NCG07,OUT019,189.753,166.7
FDU46,OUT045,84.854,100.74
FDI07,OUT035,199.0426,191.35
FDH44,OUT046,145.7418,142.11
DRF27,OUT019,152.134,120.46
FDU57,OUT045,148.7708,140.72
FDD56,OUT018,176.5054,166.03
FDW49,OUT035,177.2002,170.38
FDU13,OUT013,145.6418,104.95
FDP57,OUT046,102.999,135.43
FDY59,OUT049,94.3462,106.76
FDV28,OUT046,34.3558,78.41
NCD18,OUT027,230.2668,181.87
FDL56,OUT019,85.6198,109.33
FDM44,OUT045,104.999,112.35
FDF44,OUT049,130.3968,134.92
NCY53,OUT013,110.2544,135.2
FDI50,OUT027,228.0352,183.17
FDZ03,OUT045,186.024,155.98
FDX32,OUT018,142.5786,143.39
NCK06,OUT027,123.1756,155.07
FDN01,OUT019,176.937,123.31
FDU52,OUT018,154.463,137.95
NCZ54,OUT010,161.5552,165.69
FDN25,OUT018,57.7588,80.29
NCY41,OUT049,36.8532,43.58
FDG21,OUT018,149.605,148.87
NCX53,OUT010,140.4154,139.89
NCO14,OUT010,44.2086,95.62
FDK09,OUT019,227.5352,192.22
FDS09,OUT017,49.8008,92.4
FDO44,OUT045,110.0228,129.14
FDE24,OUT045,141.5812,141.86
FDI46,OUT045,251.9724,246.96
FDK33,OUT045,211.656,182.7
FDD41,OUT049,105.3306,109.35
DRD60,OUT049,182.7634,173.41
DRF36,OUT046,192.6846,178.69
FDU02,OUT049,228.6352,226.02
FDZ60,OUT035,106.0596,118.48
NCL31,OUT046,142.747,140.37
FDB41,OUT045,48.1718,60.83
FDW37,OUT027,89.7488,105.36
NCI06,OUT019,179.166,157.82
NCL41,OUT049,34.8216,68.1
FDO46,OUT013,187.1872,184.13
NCZ41,OUT018,126.1704,146.85
FDD46,OUT013,155.0998,146.08
FDA50,OUT013,96.041,111.26
FDS27,OUT013,197.611,192.6
NCY18,OUT046,173.2054,173.02
FDK58,OUT049,102.6016,115.12
FDO08,OUT013,165.1526,167.51
FDM15,OUT018,152.6366,141.06
FDB47,OUT013,209.1612,174.56
DRE27,OUT045,98.0726,106.01
FDP36,OUT013,52.3008,100.49
FDB36,OUT017,132.1626,130.31
FDC20,OUT046,54.0272,78.08
FDN60,OUT018,157.3604,146.92
FDE28,OUT035,228.6668,181.16
FDU40,OUT035,193.8478,186.86
FDA26,OUT035,218.4482,170.1
FDH32,OUT027,98.241,115.29
FDA02,OUT018,143.9786,136.16
FDH31,OUT046,98.6042,110.65
FDH35,OUT027,165.4526,129.66
NCA53,OUT019,47.1034,84.47
FDP58,OUT019,217.6482,173.54
FDU32,OUT013,120.5414,125.34
NCL29,OUT046,160.2604,154.59
FDD03,OUT046,232.53,224.58
FDN45,OUT035,222.6088,214.54
FDQ21,OUT049,120.8756,121.6
FDR23,OUT019,175.837,130.58
NCT42,OUT049,149.9392,145.67
FDE26,OUT010,143.0786,139.66
FDW16,OUT027,91.6804,140.03
FDU02,OUT017,229.9352,215.58
FDV56,OUT045,109.3596,111.4
FDH60,OUT017,198.411,171.87
FDU28,OUT046,189.8214,166.87
DRN36,OUT027,95.0752,113.41
FDE34,OUT018,183.6634,175.61
FDP25,OUT027,217.0824,200.26
FDM13,OUT035,132.2626,132.89
FDO08,OUT035,163.1526,164.66
NCE42,OUT035,233.9958,214.49
FDN56,OUT017,143.8786,144.17
DRE48,OUT017,195.3768,162.22
FDV15,OUT027,105.7648,113.83
DRN36,OUT019,95.9752,161.68
DRE48,OUT045,196.2768,187.41
FDC26,OUT046,112.1886,112.29
NCY29,OUT027,55.993,63.91
DRJ11,OUT013,188.7872,177.99
FDD32,OUT013,82.6276,115.58
FDG59,OUT046,38.3164,39.72
FDU15,OUT013,34.7532,52.62
NCE30,OUT046,210.3902,202.01
FDG45,OUT018,211.8902,155.74
FDI22,OUT046,207.2612,204.72
FDK40,OUT045,262.791,249.53
FDR24,OUT027,88.383,129.58
FDP27,OUT013,190.153,180.75
NCR38,OUT017,253.1724,240.53
FDE08,OUT019,149.8734,142.28
NCL07,OUT046,41.048,77.77
NCP43,OUT046,180.366,170.53
FDV01,OUT049,153.5314,157.71
NCJ17,OUT018,85.2224,91.51
FDO32,OUT049,46.506,56.46
FDS28,OUT018,57.3588,60.86
FDI33,OUT013,91.7146,98.82
NCS53,OUT035,159.4604,154.95
FDT58,OUT035,168.6816,165.62
FDC40,OUT049,79.3986,98.11
FDJ20,OUT045,122.4388,131.52
FDU26,OUT027,119.0782,132.46
DRF03,OUT046,42.5138,47.46
DRK49,OUT046,40.5138,47.17
FDC22,OUT045,194.882,165.4
FDZ20,OUT013,255.2356,252.42
DRM37,OUT017,196.5768,177.34
NCE07,OUT045,140.5154,147.17
FDF16,OUT045,146.8076,144.16
FDC16,OUT046,88.254,110.28
NCP17,OUT018,65.6168,79.06
FDG20,OUT045,176.0028,169.79
NCT29,OUT027,123.0414,106.72
NCX54,OUT049,107.7622,120.66
NCD31,OUT010,165.1526,139.56
DRF03,OUT018,40.3138,51.95
NCO02,OUT027,67.5142,108.54
NCM30,OUT019,43.2796,99.22
DRK35,OUT046,37.9506,47.7
FDH16,OUT017,88.783,97.0
NCX41,OUT046,211.0244,204.07
FDL12,OUT013,59.222,92.0
FDI45,OUT013,176.1054,159.03
FDZ40,OUT017,52.9298,73.23
FDZ23,OUT010,185.424,149.4
NCN26,OUT035,115.1808,127.72
FDB03,OUT035,242.1538,228.42
FDL27,OUT045,65.6826,79.92
FDE58,OUT049,118.3124,136.69
DRJ59,OUT046,40.6164,69.09
FDZ48,OUT049,112.4544,120.41
NCT54,OUT035,93.4094,102.61
FDV32,OUT045,64.751,73.88
FDU16,OUT045,82.5908,135.11
FDE26,OUT046,143.9786,148.79
NCS29,OUT017,264.8884,243.36
NCT05,OUT013,256.5672,243.05
FDO32,OUT017,45.906,56.14
FDE11,OUT027,183.9924,137.27
FDP37,OUT019,126.9994,115.28
FDW52,OUT027,163.1526,139.43
DRJ49,OUT035,127.6652,125.57
DRI37,OUT027,58.7904,99.54
FDC58,OUT013,43.8428,59.33
FDC41,OUT017,75.667,91.25
FDE28,OUT049,228.4668,175.23
NCB18,OUT046,86.9514,91.69
FDA50,OUT010,95.441,150.64
FDV47,OUT018,84.9566,100.87
FDZ26,OUT046,238.3222,236.62
FDI34,OUT017,229.3668,202.82
FDO58,OUT049,166.0526,163.01
FDM09,OUT018,170.579,164.04
FDS52,OUT046,99.7016,106.16
FDQ12,OUT027,231.601,207.94
FDP40,OUT019,110.1544,153.86
FDZ57,OUT046,127.2994,136.83
NCV29,OUT049,176.0686,162.79
FDR52,OUT019,190.8846,156.71
FDA04,OUT045,260.1962,249.25
FDX38,OUT018,48.2376,73.99
FDP48,OUT018,182.995,162.49
NCA30,OUT046,189.1872,166.22
NCK53,OUT027,100.8042,138.66
NCZ05,OUT019,104.699,141.83
FDU43,OUT013,238.6564,166.95
FDQ56,OUT035,85.6908,91.78
FDM27,OUT027,158.7946,143.98
FDA25,OUT046,101.199,107.04
FDG35,OUT049,173.6738,168.53
NCN42,OUT046,148.9418,128.53
FDR55,OUT046,189.5872,183.06
NCK05,OUT027,61.5536,89.21
FDI22,OUT045,210.8612,197.63
FDF50,OUT027,198.9768,130.62
FDN40,OUT035,155.3998,145.42
FDG29,OUT013,43.3454,56.97
FDB49,OUT018,98.5384,109.33
FDI34,OUT018,231.4668,203.33
FDF41,OUT017,246.346,234.76
FDQ10,OUT045,172.4422,167.14
FDO37,OUT035,231.7326,229.61
FDZ58,OUT046,122.8072,127.82
NCA41,OUT035,192.1162,184.84
FDI41,OUT045,148.7418,139.1
FDJ53,OUT017,119.7098,119.69
FDN03,OUT027,248.6408,198.8
NCS54,OUT045,176.437,175.63
FDT20,OUT013,39.5164,45.57
FDT09,OUT045,129.9284,137.49
FDY59,OUT035,91.3462,104.59
FDL12,OUT035,60.222,88.95
FDA36,OUT019,183.6924,142.48
FDY47,OUT049,131.531,132.43
FDR09,OUT010,257.2962,244.31
FDN49,OUT035,41.648,49.98
FDC16,OUT045,84.954,92.85
FDW22,OUT049,222.9114,173.08
DRD01,OUT049,53.2614,66.11
FDZ14,OUT017,119.7756,114.21
FDY08,OUT027,141.5838,119.84
NCN42,OUT027,145.6418,167.21
FDO56,OUT010,119.1808,147.57
FDL48,OUT049,48.5034,70.66
FDS50,OUT049,219.8114,205.99
FDW37,OUT045,89.7488,110.23
DRD15,OUT035,231.9642,228.35
FDR20,OUT010,46.4744,85.04
FDK34,OUT035,236.8564,226.32
FDO48,OUT045,220.3456,207.3
FDM15,OUT027,151.8366,152.99
FDE14,OUT045,98.77,100.21
FDK32,OUT049,152.4682,144.57
FDY11,OUT049,65.4142,79.49
FDQ52,OUT013,247.4434,245.35
FDO60,OUT013,45.4086,52.16
FDO45,OUT045,88.6856,100.44
FDA14,OUT049,145.076,148.19
NCS30,OUT010,127.9652,140.14
NCD31,OUT049,166.0526,160.78
FDV04,OUT035,158.8288,152.48
NCR29,OUT035,57.393,100.87
FDS21,OUT049,63.5194,82.32
FDF52,OUT027,184.2292,146.47
NCU54,OUT010,207.727,189.28
FDL52,OUT019,39.8506,95.78
FDV10,OUT019,41.0112,149.43
FDS02,OUT046,194.0794,176.18
NCF31,OUT046,152.8024,146.23
FDS55,OUT019,150.3734,119.63
FDT15,OUT019,183.795,135.08
NCK07,OUT045,163.9526,160.44
NCJ30,OUT035,168.379,165.91
FDJ21,OUT027,146.2102,124.61
FDS47,OUT046,87.6856,94.06
FDW31,OUT013,197.9742,185.87
NCY18,OUT027,177.0054,137.14
FDN03,OUT010,248.5408,200.46
FDA19,OUT019,126.6994,160.5
FDT22,OUT018,59.022,75.68
FDC46,OUT049,182.4266,178.49
NCZ18,OUT035,253.0698,237.13
NCC55,OUT018,36.0848,89.81
FDR46,OUT010,146.576,156.53
FDY01,OUT013,116.7834,120.7
FDN60,OUT035,159.9604,150.18
FDQ33,OUT035,149.3708,146.53
FDQ10,OUT013,170.6422,168.15
FDH26,OUT049,141.5496,142.53
FDH16,OUT013,90.783,98.21
FDX39,OUT046,212.4586,176.82
FDV26,OUT045,196.7794,189.25
NCA06,OUT049,34.719,49.49
FDL14,OUT049,154.9972,145.21
DRI47,OUT049,143.5128,140.23
FDL46,OUT046,116.8466,120.13
NCR41,OUT017,94.9094,102.16
NCI17,OUT045,96.641,102.29
NCG07,OUT045,191.253,171.28
FDU25,OUT035,57.0246,93.7
FDP45,OUT046,252.2724,247.67
FDL36,OUT018,88.483,97.52
FDN24,OUT017,53.3956,82.42
FDH40,OUT010,82.2276,127.41
DRY23,OUT049,42.3112,53.02
FDT58,OUT027,169.2816,168.68
FDV49,OUT018,264.7226,230.74
FDK58,OUT027,102.4016,133.52
FDT49,OUT017,105.728,104.94
FDT08,OUT027,148.705,150.66
FDQ14,OUT035,150.105,157.47
FDA04,OUT049,257.2962,247.85
FDT09,OUT019,131.0284,150.21
NCM19,OUT046,112.5202,123.63
FDI22,OUT017,208.7612,196.7
FDB08,OUT018,160.3578,155.12
FDP44,OUT035,100.6332,112.07
FDD51,OUT027,45.2744,91.74
DRE03,OUT018,48.5718,49.09
FDW26,OUT017,224.1772,217.95
FDZ60,OUT019,106.0596,125.87
NCH43,OUT035,216.0192,208.83
NCB31,OUT035,263.991,255.48
FDS48,OUT010,149.6708,127.51
FDP25,OUT017,216.8824,209.5
FDM28,OUT010,181.366,151.64
FDZ49,OUT046,218.4798,209.87
DRI01,OUT045,173.7422,144.3
FDP25,OUT035,216.3824,210.94
FDC59,OUT027,63.8168,106.59
NCT41,OUT013,150.6024,127.03
NCQ38,OUT035,106.128,107.57
FDB15,OUT013,264.5568,254.67
FDY13,OUT035,78.067,82.85
NCW18,OUT013,238.9248,227.65
FDP28,OUT013,260.1936,259.18
DRJ39,OUT018,218.3482,209.29
FDU10,OUT017,38.2848,59.32
FDN10,OUT045,120.3124,127.99
FDG09,OUT045,188.2556,186.83
FDD09,OUT027,182.0976,155.45
FDK33,OUT013,211.956,184.59
FDD17,OUT049,239.0906,234.17
NCQ53,OUT027,235.259,218.01
FDL26,OUT049,155.0972,153.95
FDC39,OUT035,207.1296,164.49
FDI28,OUT027,79.0302,102.74
FDI53,OUT035,161.5236,152.57
FDU13,OUT035,146.2418,141.86
FDB20,OUT013,77.9986,87.37
FDT27,OUT045,233.9616,225.16
DRD15,OUT019,233.1642,185.01
FDR37,OUT027,183.0292,145.81
FDR28,OUT017,161.221,151.85
FDC39,OUT018,206.6296,169.16
NCP02,OUT010,61.0562,99.77
FDZ08,OUT045,81.8592,87.77
NCE42,OUT046,235.3958,211.65
FDA13,OUT027,39.9506,50.36
NCR53,OUT013,224.4404,214.76
DRF01,OUT046,147.5102,134.59
NCW53,OUT019,193.8162,138.76
FDD38,OUT027,100.3674,132.8
FDH40,OUT027,79.3276,114.97
NCP02,OUT027,59.6562,112.24
FDP10,OUT046,107.0622,112.87
FDJ58,OUT046,170.1764,166.96
FDV60,OUT045,195.311,190.24
FDL16,OUT017,46.106,63.36
DRH49,OUT019,82.8592,136.07
FDW49,OUT046,179.8002,172.98
FDQ48,OUT013,96.5726,112.38
FDY44,OUT018,195.111,180.28
FDL04,OUT013,105.4622,108.77
FDS25,OUT017,111.4228,110.2
FDS25,OUT046,108.7228,116.58
FDD47,OUT045,171.7448,158.19
FDQ15,OUT010,82.7276,112.01
DRJ25,OUT017,50.3692,59.33
FDK20,OUT027,120.5072,134.48
FDY49,OUT049,166.6184,151.93
FDC45,OUT019,170.2106,126.16
DRZ11,OUT018,122.5388,128.21
FDU03,OUT018,184.2292,160.01
FDI41,OUT035,145.8418,147.97
DRD24,OUT049,143.1154,138.9
FDJ16,OUT049,58.6246,81.33
FDX36,OUT018,224.0404,213.99
FDP23,OUT035,217.5166,190.23
FDO03,OUT045,230.5352,204.95
FDY33,OUT027,159.0262,156.32
NCL05,OUT035,42.277,61.35
FDP13,OUT019,41.548,105.66
FDO50,OUT013,91.1804,105.53
FDV08,OUT018,39.9454,69.05
FDX11,OUT049,183.5634,165.73
NCL07,OUT019,40.548,111.6
FDE53,OUT046,106.428,113.76
FDC15,OUT018,158.9288,142.92
FDP32,OUT035,128.8678,130.41
FDM04,OUT049,52.8666,67.56
FDL03,OUT018,194.811,178.05
FDR58,OUT046,92.3462,96.67
FDY60,OUT017,144.8128,140.8
FDU34,OUT018,123.1046,133.23
NCX06,OUT019,181.5976,144.54
NCZ42,OUT049,235.5248,208.99
FDY32,OUT010,165.021,144.85
FDU25,OUT017,57.3246,87.77
FDK48,OUT046,76.8354,130.65
FDB51,OUT046,61.5852,64.46
FDJ10,OUT049,141.8838,139.1
FDT10,OUT045,60.9562,67.51
FDU13,OUT045,146.9418,142.23
DRK35,OUT017,39.6506,49.38
NCN41,OUT019,121.373,135.71
FDV36,OUT017,124.902,126.84
DRI11,OUT010,113.7834,131.4
NCL18,OUT018,195.5136,190.18
FDV28,OUT018,33.6558,77.78
FDD39,OUT019,217.685,166.92
FDI14,OUT027,139.2496,142.0
DRF15,OUT046,154.934,153.86
FDQ47,OUT017,35.2874,47.05
NCO17,OUT046,118.244,119.76
FDF44,OUT045,129.4968,134.92
FDR02,OUT046,110.5886,111.76
FDV15,OUT017,103.7648,113.98
FDT25,OUT035,123.2072,124.42
NCY41,OUT027,35.2532,55.46
FDW59,OUT019,85.9566,130.1
FDR08,OUT045,110.2886,115.07
FDS33,OUT027,86.9514,127.5
FDU26,OUT010,120.3782,137.9
NCX30,OUT019,248.6776,171.55
FDK20,OUT045,121.1072,129.66
FDB44,OUT013,209.2586,190.08
DRL35,OUT013,44.777,47.48
FDD44,OUT018,258.5646,255.98
NCU17,OUT013,101.7674,118.55
FDC08,OUT046,225.472,216.1
FDR34,OUT046,229.4352,219.23
FDE46,OUT046,152.1366,151.67
DRG23,OUT049,153.3682,143.79
NCX30,OUT027,247.2776,190.29
FDZ20,OUT049,253.4356,251.58
FDV49,OUT046,263.2226,244.57
FDS49,OUT013,77.2644,88.03
NCY53,OUT027,110.4544,125.76
NCN30,OUT013,97.441,118.32
NCD54,OUT046,143.3786,144.3
FDA04,OUT013,259.1962,248.48
NCF42,OUT019,177.0712,194.2
FDB28,OUT013,195.9426,176.97
DRC27,OUT017,243.6802,239.98
FDV60,OUT018,195.211,186.27
FDG26,OUT018,254.433,253.78
NCK19,OUT045,194.3478,179.01
FDW31,OUT017,197.0742,182.78
FDP03,OUT046,121.8388,125.69
NCN53,OUT013,35.4874,37.88
FDG34,OUT018,109.5254,116.08
FDT25,OUT013,123.4072,128.05
FDE39,OUT035,117.4782,129.76
FDZ33,OUT013,149.8076,149.63
FDU22,OUT013,118.9124,126.12
FDP56,OUT027,47.4692,105.56
FDG52,OUT035,47.6402,61.37
FDZ51,OUT049,93.3094,123.07
FDC45,OUT018,170.9106,159.45
FDG52,OUT049,45.7402,72.87
FDU14,OUT045,248.675,242.4
FDZ09,OUT035,161.8868,161.66
FDZ15,OUT013,117.4782,122.68
FDH47,OUT049,98.4068,102.74
FDT25,OUT046,122.2072,124.34
FDQ26,OUT018,58.6562,67.84
FDO34,OUT017,165.9816,164.98
FDA27,OUT046,256.8672,241.69
FDZ59,OUT018,167.25,144.27
FDU33,OUT049,46.9402,79.13
FDO19,OUT049,50.2034,49.43
FDW13,OUT045,50.3324,55.01
FDA09,OUT018,179.766,169.06
FDD11,OUT017,254.904,234.6
FDY49,OUT027,164.5184,153.97
FDV26,OUT049,194.2794,176.73
FDD05,OUT019,122.0098,115.72
DRI01,OUT018,172.0422,139.48
FDS24,OUT045,86.9514,93.11
FDZ39,OUT017,101.799,104.59
FDU45,OUT046,112.4518,130.18
FDL09,OUT013,167.4816,157.42
FDV49,OUT049,264.6226,229.44
DRC24,OUT018,153.4998,140.21
FDA32,OUT049,216.0192,209.36
DRF49,OUT019,112.0518,143.46
FDP33,OUT046,254.7672,243.81
FDU47,OUT018,142.2838,124.78
FDH20,OUT013,95.141,113.02
DRH03,OUT049,93.412,107.3
FDW09,OUT013,81.1302,94.8
FDK27,OUT017,119.9756,119.51
FDM01,OUT018,101.1332,106.18
FDT59,OUT049,229.4668,177.38
FDR44,OUT010,131.2968,142.33
FDV07,OUT018,110.3228,120.3
NCK53,OUT017,99.3042,108.81
FDE11,OUT046,184.3924,163.3
FDS57,OUT046,144.847,143.0
FDX10,OUT046,37.1874,65.46
FDW26,OUT035,220.3772,220.1
FDV04,OUT045,156.9288,150.22
FDR52,OUT018,192.1846,168.23
FDT08,OUT035,150.005,153.14
NCW41,OUT049,158.0604,136.67
FDO13,OUT045,164.5526,138.9
FDR46,OUT046,147.476,150.56
NCT17,OUT045,190.0214,166.18
NCG54,OUT027,172.3106,154.61
FDO13,OUT049,165.3526,142.22
FDS59,OUT045,110.657,117.99
FDI34,OUT035,229.8668,204.1
FDD10,OUT017,177.4344,174.51
FDU31,OUT049,218.4508,180.79
FDQ25,OUT010,174.1422,150.58
FDU32,OUT010,123.0414,126.29
FDZ33,OUT027,146.7076,153.57
FDQ34,OUT018,104.9622,113.41
FDA26,OUT027,217.6482,154.24
FDS46,OUT046,119.6782,118.18
FDR43,OUT027,38.019,63.57
FDT40,OUT046,128.4678,124.51
NCW06,OUT010,192.3162,174.28
FDV20,OUT017,129.0678,152.14
NCO42,OUT035,146.0102,145.08
FDC05,OUT035,196.3768,180.21
FDY10,OUT017,115.4176,116.29
NCH07,OUT049,159.7604,160.57
FDQ09,OUT027,113.2834,133.68
NCN17,OUT018,100.3358,112.58
FDW56,OUT018,193.3162,180.56
NCM07,OUT035,82.4908,96.93
FDT50,OUT027,97.8752,120.48
NCM29,OUT010,132.6626,136.37
FDO04,OUT018,53.5614,79.68
FDR08,OUT019,113.1886,151.24
FDB45,OUT049,103.2306,106.4
FDS26,OUT013,260.1594,251.32
FDK02,OUT017,118.344,117.97
FDD38,OUT010,100.2674,106.64
FDO12,OUT013,195.3452,188.34
FDX44,OUT035,89.3172,99.2
NCM18,OUT049,60.0194,82.35
FDQ39,OUT035,190.0846,172.59
FDX07,OUT010,182.095,169.68
NCZ53,OUT027,190.4214,139.59
FDA50,OUT017,94.941,114.47
FDV22,OUT049,158.263,148.69
DRI11,OUT027,113.2834,143.2
FDX16,OUT045,149.105,149.58
FDH04,OUT019,91.0488,128.18
FDT01,OUT017,212.9902,203.61
FDU38,OUT017,193.4504,178.23
FDR04,OUT045,97.0068,99.22
FDK38,OUT018,150.0734,144.16
FDZ44,OUT010,116.0808,139.38
FDR33,OUT035,108.157,115.54
FDP34,OUT018,157.763,154.34
FDC47,OUT013,229.9694,224.25
FDV04,OUT049,155.2288,154.34
DRG49,OUT045,246.0486,187.88
FDT59,OUT018,230.2668,217.77
FDS08,OUT035,177.937,162.53
FDV48,OUT010,79.0644,118.44
FDV43,OUT017,44.5086,88.31
DRK35,OUT027,37.7506,86.27
FDX07,OUT027,183.495,164.38
DRF27,OUT035,152.334,143.19
FDY39,OUT027,182.0608,141.34
FDV47,OUT017,84.4566,102.39
FDW27,OUT019,155.7314,136.45
FDQ39,OUT049,190.5846,183.51
NCB54,OUT049,128.3336,128.1
NCX42,OUT017,163.0526,154.03
FDN13,OUT013,101.1358,106.79
FDD53,OUT049,43.3454,68.82
NCZ42,OUT017,236.5248,215.33
FDR36,OUT045,43.5454,59.21
DRF48,OUT045,188.1898,119.16
FDY02,OUT027,263.991,236.81
FDP19,OUT046,128.1652,128.81
FDQ08,OUT027,62.9536,97.82
NCY18,OUT035,173.6054,171.03
FDD53,OUT019,41.8454,91.4
FDW36,OUT027,106.2622,121.47
FDR43,OUT010,38.319,51.5
FDB12,OUT035,103.2648,108.71
FDU20,OUT027,122.1098,148.69
FDR43,OUT013,38.319,41.16
FDW32,OUT035,86.3882,93.34
FDW49,OUT017,180.2002,172.97
FDO28,OUT027,121.6098,129.3
FDC41,OUT027,76.867,100.25
FDO27,OUT049,94.1752,113.11
FDJ53,OUT027,121.5098,122.93
FDT21,OUT046,248.9092,247.94
FDL51,OUT045,215.0876,206.63
FDY56,OUT013,224.0062,223.21
FDI09,OUT046,238.188,206.6
FDJ15,OUT049,184.4608,168.74
FDM03,OUT035,106.0938,107.07
FDP38,OUT010,49.8008,90.59
FDU38,OUT035,191.1504,177.49
FDR37,OUT035,183.1292,167.25
FDI16,OUT010,54.364,81.28
FDS31,OUT013,178.8318,170.67
FDV09,OUT017,148.5734,144.94
FDC50,OUT018,94.4094,106.66
FDJ50,OUT049,50.6982,80.99
FDN20,OUT027,169.5474,142.39
FDN10,OUT027,118.9124,146.07
DRK13,OUT017,198.3084,188.04
FDN15,OUT027,139.518,138.94
FDV12,OUT035,97.6384,104.88
FDQ40,OUT010,175.8712,151.57
FDZ10,OUT019,127.202,119.22
FDD21,OUT018,114.2176,120.19
FDT22,OUT027,59.822,96.42
NCW54,OUT018,56.2588,72.6
DRF01,OUT035,146.9102,139.65
FDD51,OUT045,44.7744,127.92
NCI54,OUT027,107.3912,123.76
FDE09,OUT010,110.7228,141.46
FDQ11,OUT046,256.5988,231.71
FDS58,OUT049,160.0578,161.3
FDB23,OUT018,226.2062,215.58
DRJ24,OUT018,185.3924,179.28
FDR08,OUT017,111.1886,113.05
FDE36,OUT027,165.5868,122.16
FDQ48,OUT035,98.1726,106.51
FDP28,OUT018,259.7936,260.44
FDY33,OUT019,159.0262,140.2
NCV30,OUT010,62.051,118.36
FDM50,OUT027,60.222,89.73
FDX21,OUT035,109.7912,116.75
FDT37,OUT045,253.7014,214.3
NCD18,OUT046,228.8668,182.97
DRK11,OUT035,149.5392,146.1
NCN06,OUT013,163.4868,148.14
FDB59,OUT018,200.0084,186.06
FDU33,OUT010,45.1402,84.89
FDR34,OUT018,228.0352,215.61
DRM48,OUT049,35.8848,67.96
NCO26,OUT049,116.6492,118.55
FDR58,OUT027,94.5462,136.79
FDG47,OUT046,260.3252,254.05
FDI09,OUT049,240.288,210.4
FDQ08,OUT019,62.7536,96.73
NCX53,OUT013,143.4154,154.96
NCI29,OUT017,143.6154,142.88
FDL24,OUT049,172.0422,158.66
NCQ38,OUT049,105.628,103.26
FDS10,OUT027,182.0318,160.2
NCB31,OUT018,263.791,249.61
NCN29,OUT019,48.2034,101.92
FDA39,OUT018,39.9822,41.02
FDL40,OUT010,95.541,111.52
FDS56,OUT017,264.2252,256.29
DRH23,OUT013,55.2614,68.7
FDT07,OUT018,256.433,254.83
NCF55,OUT046,33.3874,84.74
FDD39,OUT017,217.685,207.37
FDS01,OUT049,178.2686,142.17
FDI28,OUT013,79.4302,86.86
NCD18,OUT018,231.3668,219.51
FDG21,OUT049,147.905,148.36
NCC31,OUT035,154.5972,159.72
FDQ36,OUT049,37.2848,53.12
DRQ35,OUT035,125.4388,129.95
FDZ03,OUT018,186.024,100.38
FDP23,OUT018,218.3166,192.96
DRO59,OUT017,77.0012,96.41
FDE22,OUT019,157.892,136.55
FDZ59,OUT027,164.95,133.4
FDS19,OUT049,77.3012,87.17
FDM34,OUT027,132.9626,144.71
FDR27,OUT018,134.4942,132.32
DRE25,OUT035,92.112,95.32
FDK38,OUT035,147.7734,139.71
FDD38,OUT017,101.9674,100.48
NCZ06,OUT046,251.9698,242.52
DRJ13,OUT010,159.9578,133.86
NCJ05,OUT046,153.6682,150.47
FDX46,OUT049,59.1562,80.78
FDT55,OUT017,157.0946,156.84
FDO11,OUT046,250.3092,210.03
FDF16,OUT019,149.0076,118.79
FDG45,OUT017,213.7902,197.38
FDF57,OUT019,169.9448,155.23
NCZ18,OUT046,255.4698,233.57
DRF01,OUT017,144.0102,141.0
FDD05,OUT045,120.9098,120.77
FDA48,OUT046,221.4114,171.51
FDH09,OUT049,51.8982,63.79
FDK50,OUT035,163.2894,132.98
FDZ55,OUT035,160.992,157.66
FDQ31,OUT013,85.9856,127.36
NCD55,OUT027,42.4454,62.68
NCO30,OUT035,185.6608,181.88
FDB56,OUT013,186.8556,181.84
FDH56,OUT045,116.6492,125.73
FDB50,OUT017,77.2986,92.79
FDM50,OUT035,61.922,78.33
FDQ01,OUT049,256.1014,241.05
FDY03,OUT019,112.6202,135.02
FDG16,OUT017,214.4192,190.45
FDI04,OUT018,197.6426,184.29
FDW10,OUT017,174.837,160.09
NCC18,OUT046,174.0422,170.75
DRE49,OUT013,151.1024,151.22
FDG38,OUT017,86.0224,100.24
NCY05,OUT045,37.0874,48.62
FDL58,OUT017,263.7568,241.88
FDZ45,OUT045,197.1084,176.68
FDD09,OUT046,180.5976,166.59
FDB46,OUT045,211.8244,189.68
NCX17,OUT045,232.83,208.02
FDN13,OUT046,99.9358,105.57
FDD05,OUT049,120.9098,121.84
NCM30,OUT049,41.9796,51.05
NCS54,OUT049,176.737,175.93
FDK20,OUT018,122.0072,121.07
NCU17,OUT035,100.6674,107.13
FDK40,OUT049,263.791,251.34
FDH14,OUT017,138.6838,133.38
FDS34,OUT017,112.7518,124.19
FDM20,OUT017,245.4144,223.63
NCS06,OUT046,263.691,239.91
FDE39,OUT045,121.0782,130.59
FDN33,OUT049,93.5436,104.48
NCX29,OUT010,145.8102,143.87
FDJ38,OUT046,188.753,185.01
DRF37,OUT035,263.391,252.63
FDN09,OUT027,241.6828,208.3
FDJ46,OUT027,174.2054,158.56
FDL20,OUT035,111.9886,117.22
FDE41,OUT049,86.5566,93.32
DRB13,OUT017,191.153,163.64
FDJ48,OUT010,245.3118,215.44
FDR51,OUT018,148.9708,134.4
FDS32,OUT027,141.9838,133.13
NCP50,OUT019,78.6618,130.17
NCZ42,OUT010,238.3248,183.73
FDU36,OUT013,99.4384,103.15
FDO39,OUT027,182.1608,140.89
FDF46,OUT017,115.8834,112.79
FDT46,OUT018,51.5008,74.67
FDP33,OUT027,254.2672,231.39
FDN01,OUT045,176.237,157.82
FDI50,OUT045,227.6352,210.31
FDO21,OUT046,226.2404,215.68
FDV16,OUT019,35.4558,102.3
FDO52,OUT018,170.3106,158.04
FDK58,OUT046,101.5016,114.12
NCT53,OUT019,164.6526,141.68
FDR37,OUT046,183.3292,169.17
FDW55,OUT013,250.9092,239.59
FDZ57,OUT017,128.6994,119.08
FDV52,OUT049,119.7466,119.29
FDY50,OUT045,87.8172,96.75
FDC29,OUT035,112.6176,115.82
NCW41,OUT046,158.9604,153.72
FDW35,OUT019,41.6454,73.01
NCJ17,OUT045,84.9224,90.55
NCY54,OUT027,172.1422,163.0
FDM04,OUT035,52.0666,71.65
FDN03,OUT035,250.1408,214.66
DRL37,OUT045,42.377,48.01
FDA46,OUT035,194.2136,189.54
FDZ21,OUT010,94.841,119.72
NCD42,OUT045,39.3506,47.34
FDB35,OUT045,92.6804,95.24
NCO55,OUT018,108.9938,125.12
FDT12,OUT045,224.5062,219.86
FDO23,OUT027,94.3436,120.76
FDX36,OUT017,226.9404,211.68
FDM15,OUT017,152.4366,139.85
NCJ30,OUT049,169.179,157.42
NCQ50,OUT046,215.2218,203.89
FDU34,OUT035,126.2046,130.1
FDK56,OUT010,186.7898,157.62
FDU01,OUT046,184.5924,175.5
FDO01,OUT049,128.7994,133.98
FDM04,OUT013,51.1666,68.85
FDD35,OUT027,120.744,134.66
NCM55,OUT046,185.8924,161.59
NCU06,OUT019,228.001,136.38
DRF27,OUT046,154.534,148.13
NCR38,OUT045,251.3724,241.76
FDG50,OUT045,89.9146,94.61
FDT11,OUT010,186.4556,166.55
FDJ57,OUT010,186.5582,160.23
FDL09,OUT049,169.2816,162.88
FDV03,OUT045,153.6314,150.12
FDI15,OUT017,263.5884,241.19
FDD21,OUT046,113.1176,123.9
NCK53,OUT049,98.4042,109.76
FDP15,OUT010,256.033,152.4
FDZ58,OUT027,121.0072,137.41
FDJ02,OUT019,147.2418,150.27
DRM49,OUT035,46.6086,64.37
FDL50,OUT017,123.5046,131.15
FDZ32,OUT019,107.1964,142.15
FDN57,OUT027,141.2154,133.3
FDY57,OUT017,95.3752,107.79
FDU12,OUT010,262.1568,260.28
DRI23,OUT045,158.6578,154.51
FDV58,OUT035,197.5452,185.81
DRJ49,OUT017,127.3652,129.73
FDX13,OUT045,250.2092,219.32
FDU19,OUT013,173.6422,138.19
FDJ34,OUT027,125.5704,138.71
DRJ23,OUT027,188.1872,152.61
NCD19,OUT017,56.4614,77.02
NCW42,OUT010,221.8456,181.87
DRD12,OUT017,90.9146,97.66
FDV31,OUT045,175.337,147.59
FDL16,OUT018,46.406,70.05
FDD26,OUT027,186.5924,140.66
FDU59,OUT046,163.5552,156.03
FDH46,OUT046,103.5332,102.68
FDH56,OUT013,113.8492,126.86
FDF14,OUT045,152.934,142.9
NCT41,OUT045,153.5024,135.64
DRK37,OUT045,189.853,149.97
DRE27,OUT010,99.6726,117.97
FDQ26,OUT046,57.8562,63.32
FDK50,OUT017,160.7894,121.8
NCL53,OUT045,175.4028,173.85
NCU18,OUT013,139.7496,142.24
FDR21,OUT027,178.237,151.33
FDY15,OUT019,157.863,143.1
NCI17,OUT018,94.741,101.01
NCP29,OUT027,64.2168,137.76
FDH28,OUT035,38.8506,51.11
FDR27,OUT013,133.7942,140.91
FDG50,OUT017,92.4146,105.35
NCZ29,OUT013,125.7362,121.81
FDI60,OUT013,64.751,67.15
FDQ20,OUT017,39.5138,55.68
FDE29,OUT027,62.3878,95.26
FDT46,OUT010,49.0008,87.08
DRD60,OUT019,181.1634,121.82
FDE04,OUT010,179.766,157.23
FDS32,OUT017,139.9838,139.42
FDH52,OUT027,60.2194,133.61
NCX30,OUT046,249.2776,237.64
FDK48,OUT045,74.7354,86.08
FDL51,OUT035,215.9876,202.93
DRI23,OUT027,159.6578,128.9
FDO32,OUT035,45.906,56.94
NCA18,OUT046,117.8492,122.38
FDC10,OUT035,118.6098,141.94
DRC01,OUT017,49.0692,59.2
FDT24,OUT045,78.7328,85.59
NCM05,OUT010,262.7226,234.69
FDN04,OUT018,180.4344,170.81
FDZ10,OUT013,124.902,140.23
DRJ59,OUT045,40.3164,65.75
FDN22,OUT017,251.7724,241.3
DRH37,OUT045,164.8526,156.96
FDC59,OUT035,65.5168,70.57
NCQ17,OUT010,156.463,135.8
FDX58,OUT035,182.895,174.75
FDX13,OUT046,249.1092,224.84
NCM41,OUT045,95.212,104.18
FDC44,OUT027,115.7518,113.97
FDX60,OUT045,81.896,86.95
FDC50,OUT010,93.3094,121.08
FDN01,OUT018,175.937,158.28
NCW53,OUT018,194.0162,178.52
FDD40,OUT027,193.6162,144.37
FDK34,OUT018,238.7564,188.12
FDL38,OUT035,90.9172,109.96
FDG21,OUT027,148.705,145.86
FDX58,OUT010,181.695,147.54
FDB58,OUT010,140.6154,139.58
FDF38,OUT046,39.6138,123.23
DRE49,OUT010,151.8024,162.61
FDP13,OUT018,41.948,76.45
NCS18,OUT013,106.4938,113.89
FDS48,OUT035,152.3708,141.56
FDZ58,OUT019,122.3072,149.09
FDM08,OUT010,225.5088,190.38
NCL18,OUT049,193.9136,188.49
FDB03,OUT049,240.5538,230.43
FDW32,OUT013,83.9882,102.85
FDO32,OUT027,45.506,111.76
FDZ52,OUT013,112.7886,114.76
NCL30,OUT046,127.5336,135.59
FDJ56,OUT045,101.77,108.76
FDU36,OUT027,100.1384,127.21
FDQ11,OUT027,258.8988,195.68
FDZ51,OUT013,96.3094,132.93
FDX35,OUT017,229.0036,207.17
FDV19,OUT035,160.9578,153.87
FDW15,OUT035,149.7734,146.68
FDM22,OUT027,53.464,87.1
NCJ42,OUT045,104.2332,104.19
NCG30,OUT019,125.8046,182.04
DRG49,OUT027,242.8486,160.38
FDB04,OUT046,87.9856,104.93
DRB24,OUT035,156.4656,152.7
FDM60,OUT017,40.7138,100.23
FDB17,OUT045,181.2976,166.47
FDL38,OUT013,89.9172,104.15
NCQ38,OUT019,108.228,139.92
NCK17,OUT045,38.948,54.08
NCO06,OUT010,35.9558,66.83
FDT32,OUT046,186.5214,183.37
NCG43,OUT010,93.6462,126.15
FDB37,OUT035,240.8538,234.71
NCW17,OUT046,126.8994,132.35
NCH07,OUT045,158.7604,157.56
FDJ12,OUT049,208.8296,192.02
NCK18,OUT018,165.9184,160.03
NCX05,OUT027,117.4492,128.38
FDE36,OUT017,162.6868,155.18
FDD57,OUT010,95.5094,115.99
NCT30,OUT035,47.2718,63.82
FDJ45,OUT019,34.2216,56.68
FDV19,OUT018,161.9578,154.45
FDX24,OUT019,92.4462,125.89
FDC46,OUT046,182.6266,175.41
FDJ33,OUT027,121.173,148.51
FDR52,OUT010,191.7846,131.14
FDB52,OUT049,257.2672,249.8
DRP35,OUT049,129.6336,131.76
FDO39,OUT045,185.2608,171.59
DRZ24,OUT046,120.844,122.03
FDL34,OUT049,141.2496,142.35
NCO14,OUT017,45.2086,72.73
NCS30,OUT035,127.8652,131.07
FDQ20,OUT027,40.8138,94.39
FDO57,OUT046,161.7578,162.71
FDF05,OUT013,264.891,262.23
FDI44,OUT049,76.0328,98.9
NCT54,OUT049,95.5094,114.24
FDS15,OUT013,107.1596,111.1
NCV54,OUT027,116.8124,125.02
FDY59,OUT018,93.1462,120.61
FDP20,OUT045,125.602,129.1
FDO39,OUT013,183.7608,170.14
NCN42,OUT018,148.0418,118.74
FDM57,OUT045,83.4908,100.4
NCX18,OUT019,194.911,163.83
DRD13,OUT018,65.7168,72.09
NCO18,OUT017,177.5686,165.52
FDU35,OUT045,99.87,129.04
FDV14,OUT035,89.4856,105.33
FDR46,OUT017,146.076,123.66
FDE35,OUT049,57.6904,92.54
FDE24,OUT017,140.9812,144.57
FDW16,OUT013,93.7804,100.05
FDF53,OUT035,182.2318,177.09
FDV48,OUT017,78.1644,97.11
FDJ26,OUT045,214.0218,214.52
FDV16,OUT046,35.2558,37.36
FDH58,OUT017,116.8834,110.2
NCQ05,OUT045,150.8708,147.66
FDJ38,OUT035,190.153,183.25
FDT43,OUT010,50.8324,77.76
DRD12,OUT027,89.4146,130.02
FDU25,OUT049,59.2246,89.63
FDO50,OUT027,93.0804,119.08
NCL41,OUT018,36.2216,65.69
FDN08,OUT045,117.5466,114.57
FDO19,OUT010,50.1034,60.18
NCX41,OUT019,210.5244,159.43
NCO18,OUT013,178.2686,166.44
FDF57,OUT049,169.7448,169.23
FDC14,OUT019,43.6454,65.9
FDC48,OUT019,82.1592,124.75
FDD40,OUT013,193.8162,191.13
FDG21,OUT045,150.205,121.14
FDC11,OUT018,90.6172,108.61
FDU16,OUT013,85.2908,111.58
FDU19,OUT049,174.2422,170.5
FDY04,OUT045,165.021,160.07
FDS35,OUT046,65.7826,78.47
FDJ04,OUT035,119.9124,118.05
FDB34,OUT035,86.2198,91.86
FDG58,OUT035,156.7972,166.17
FDG22,OUT017,37.219,58.14
FDH60,OUT045,197.911,166.83
FDA50,OUT027,98.141,135.06
NCG06,OUT018,256.4646,243.86
NCS53,OUT049,160.3604,152.5
NCG54,OUT045,170.8106,169.71
NCK17,OUT019,40.348,92.93
DRH59,OUT049,72.338,138.96
FDT32,OUT017,188.4214,180.9
FDB46,OUT035,211.9244,184.23
FDY21,OUT013,195.211,165.46
FDV09,OUT049,147.5734,147.17
FDG59,OUT018,39.4164,40.29
FDW38,OUT035,55.8298,87.66
FDL39,OUT027,181.6318,147.41
FDA56,OUT013,120.8414,123.5
FDL58,OUT045,264.9568,260.97
FDY60,OUT010,143.9128,143.64
FDA13,OUT045,37.2506,39.14
FDH20,OUT018,97.141,113.14
FDB15,OUT035,265.2568,259.64
FDZ46,OUT049,112.1228,113.15
FDV28,OUT027,34.9558,96.7
FDY47,OUT010,130.231,127.97
NCV54,OUT013,116.5124,135.67
FDM46,OUT035,93.912,104.52
FDW44,OUT017,169.7448,164.28
FDE35,OUT045,60.2904,93.34
NCI54,OUT019,110.4912,134.04
FDI07,OUT019,199.3426,144.88
FDX09,OUT018,178.137,164.36
NCQ41,OUT013,196.3794,166.22
FDU03,OUT035,182.3292,161.36
FDB04,OUT013,86.1856,96.16
NCL42,OUT017,244.0144,207.85
FDZ31,OUT027,191.0504,158.23
NCR17,OUT045,116.4492,131.23
DRB13,OUT035,190.353,164.81
FDQ56,OUT018,83.9908,91.49
FDL48,OUT035,48.7034,68.34
NCH54,OUT035,157.792,162.73
NCO17,OUT035,120.644,148.53
DRK12,OUT049,32.49,38.09
DRE12,OUT045,111.186,134.3
FDA23,OUT013,102.4016,111.9
FDN09,OUT045,244.1828,190.37
NCE54,OUT035,76.7354,78.4
FDQ22,OUT045,39.1822,86.12
NCS06,OUT018,261.291,256.66
FDK60,OUT018,98.9068,120.06
FDR60,OUT046,75.9328,81.31
FDH28,OUT045,37.3506,49.57
FDQ28,OUT017,154.8656,135.0
FDL13,OUT010,233.93,194.92
FDH27,OUT010,141.8128,128.74
FDW47,OUT046,122.8414,123.27
FDA28,OUT017,126.5362,125.0
FDA16,OUT035,221.9456,179.11
FDI05,OUT046,74.4354,87.61
FDH02,OUT017,92.2488,100.81
FDP10,OUT027,107.7622,134.22
FDZ07,OUT018,63.7194,124.79
FDU32,OUT027,120.7414,141.13
FDU44,OUT035,163.4552,159.71
FDJ58,OUT013,170.5764,156.63
FDL51,OUT049,213.4876,203.61
FDD56,OUT010,175.8054,134.42
FDO37,OUT010,230.2326,217.93
FDL33,OUT045,193.9452,182.44
DRD13,OUT013,65.4168,75.32
FDS33,OUT018,90.5514,120.54
FDV28,OUT035,32.0558,79.03
FDN04,OUT013,176.8344,169.19
FDA44,OUT049,58.193,57.33
FDZ07,OUT049,62.3194,139.68
NCZ17,OUT018,36.6506,55.09
FDY09,OUT010,174.7054,131.2
FDA37,OUT035,125.5046,118.53
DRG48,OUT046,145.2102,142.33
NCO14,OUT027,46.2086,94.58
DRF03,OUT045,38.8138,49.56
FDS58,OUT035,161.1578,166.17
NCK17,OUT017,40.948,59.99
NCT29,OUT019,123.3414,134.53
FDT57,OUT049,238.2248,234.8
FDV04,OUT027,158.4288,139.64
FDA11,OUT046,92.5436,98.54
NCB31,OUT046,261.691,253.15
FDJ41,OUT046,261.2594,256.06
DRN36,OUT046,96.6752,127.3
FDJ48,OUT027,246.9118,220.13
FDL08,OUT017,243.9144,241.86
DRB25,OUT035,106.3938,113.3
FDW40,OUT010,140.7812,119.48
NCU54,OUT035,210.727,201.16
FDL13,OUT019,232.73,187.23
FDR58,OUT049,93.2462,97.01
FDH27,OUT017,142.0128,139.23
FDT50,OUT049,96.7752,124.51
FDN28,OUT046,101.399,103.7
FDF38,OUT013,40.6138,121.0
FDG29,OUT017,41.7454,65.1
DRG27,OUT049,39.9138,57.83
FDB40,OUT027,146.7102,135.71
NCL41,OUT017,35.7216,61.93
FDW13,OUT017,51.1324,52.22
DRM49,OUT017,45.6086,67.87
FDF50,OUT035,195.7768,179.75
NCI29,OUT045,140.9154,142.26
FDK55,OUT013,89.4172,97.23
NCR17,OUT035,114.5492,129.16
FDQ19,OUT045,241.3512,207.73
FDY03,OUT017,110.5202,109.54
NCS29,OUT027,264.0884,202.39
DRQ35,OUT045,123.7388,139.23
FDU49,OUT018,86.054,93.34
DRH49,OUT013,84.1592,97.09
FDJ02,OUT035,145.9418,135.27
FDC52,OUT013,150.4708,140.15
NCO41,OUT027,96.9384,112.71
NCM05,OUT019,266.0226,217.23
FDC52,OUT019,150.8708,142.07
FDJ16,OUT046,59.6246,78.28
NCG43,OUT013,93.2462,101.79
FDD40,OUT045,190.7162,193.68
FDI60,OUT010,61.251,111.63
FDP59,OUT010,104.5648,169.51
FDM27,OUT019,156.3946,137.86
NCK54,OUT049,115.015,119.76
FDO40,OUT027,148.9392,144.1
NCE19,OUT045,52.7956,59.62
FDR25,OUT045,265.7884,253.39
FDI45,OUT046,175.5054,169.08
DRN47,OUT027,180.766,158.31
FDG35,OUT019,173.8738,142.56
FDU34,OUT049,122.6046,134.01
NCR29,OUT045,54.793,91.75
FDN44,OUT049,160.292,158.45
FDA40,OUT013,88.9856,106.08
FDX04,OUT049,47.3376,51.41
DRF23,OUT017,172.5396,161.12
NCQ54,OUT045,168.4474,165.45
FDG16,OUT046,217.3192,199.23
NCV06,OUT018,192.0478,186.11
DRM47,OUT045,191.0846,178.6
FDV19,OUT019,159.1578,138.07
FDV52,OUT045,118.9466,121.21
FDE22,OUT018,159.792,158.15
FDR48,OUT013,151.9024,142.53
FDH45,OUT045,42.0796,53.95
DRG51,OUT010,164.6526,144.51
FDX48,OUT010,154.6656,154.75
FDH04,OUT017,92.4488,96.3
FDV48,OUT049,79.2644,106.16
FDW03,OUT046,105.1306,112.87
NCF30,OUT049,125.2362,132.3
DRC12,OUT035,191.6188,184.0
FDV57,OUT046,179.266,156.81
FDW28,OUT013,196.5452,187.68
FDD14,OUT019,185.4266,126.05
FDL15,OUT018,153.6682,146.69
FDK04,OUT046,58.5588,67.07
FDW21,OUT013,101.6358,110.78
DRJ24,OUT035,187.0924,182.77
FDG32,OUT046,224.0772,214.36
NCS29,OUT013,266.6884,246.08
NCM07,OUT019,83.9908,122.71
FDB53,OUT035,148.3392,140.66
NCM07,OUT017,85.6908,98.41
FDZ12,OUT019,144.847,128.12
FDV02,OUT018,170.4106,153.57
FDH48,OUT013,88.054,97.31
FDX01,OUT049,114.915,115.39
FDY27,OUT027,179.1344,149.8
NCK19,OUT013,192.1478,178.62
FDG02,OUT017,189.6188,171.38
FDT21,OUT018,248.4092,247.51
FDQ24,OUT045,253.4724,239.9
FDO23,OUT045,93.1436,139.78
FDR10,OUT049,163.7552,152.83
FDH57,OUT027,131.4284,143.81
FDX10,OUT017,34.3874,71.02
FDT24,OUT027,75.9328,108.75
DRK47,OUT046,229.2694,224.73
NCZ29,OUT010,126.3362,136.76
FDQ12,OUT046,231.401,212.48
NCK31,OUT046,50.6666,89.84
NCJ42,OUT046,103.0332,103.58
DRJ39,OUT027,219.5482,157.23
FDE02,OUT046,92.7778,107.23
FDY12,OUT010,50.8008,83.13
DRL11,OUT018,159.6946,137.32
FDR51,OUT027,148.4708,126.77
FDP16,OUT017,243.6802,236.91
FDX34,OUT045,120.1098,122.35
FDU08,OUT018,97.3042,121.64
FDX48,OUT017,154.0656,153.19
FDU31,OUT045,218.7508,190.26
FDB32,OUT010,94.4778,124.0
NCD06,OUT018,46.306,66.72
FDZ48,OUT046,112.4544,117.27
FDG44,OUT027,55.7298,151.81
FDJ40,OUT035,110.0912,119.19
FDC21,OUT019,108.4254,137.14
FDG09,OUT046,185.7556,178.17
NCH18,OUT027,245.2802,206.92
FDR01,OUT027,200.1742,135.69
FDN49,OUT010,40.348,91.5
NCV54,OUT045,120.1124,136.78
FDL08,OUT046,246.7144,243.39
NCF30,OUT046,124.6362,128.93
FDB49,OUT010,97.6384,127.9
NCR05,OUT013,196.5084,195.07
FDM39,OUT049,178.6002,161.85
FDD32,OUT017,80.8276,124.08
FDH21,OUT049,160.0604,155.95
FDQ23,OUT035,100.6332,119.14
FDY02,OUT010,262.291,249.65
FDQ22,OUT027,40.9822,126.81
FDT20,OUT049,39.2164,45.64
FDY14,OUT035,263.6226,253.5
FDP39,OUT018,51.0324,59.36
FDQ01,OUT035,254.7014,243.9
FDL24,OUT045,172.3422,158.45
FDP52,OUT035,229.201,181.84
FDW38,OUT027,54.8298,131.04
FDS25,OUT018,112.1228,112.68
FDZ56,OUT019,167.5474,132.05
FDX58,OUT013,182.595,166.74
FDZ15,OUT046,117.3782,122.78
FDB45,OUT013,104.9306,106.53
FDA28,OUT027,125.7362,131.37
FDC03,OUT017,196.5794,172.19
FDS04,OUT010,141.8838,151.72
FDB32,OUT035,93.9778,103.66
FDA04,OUT046,257.2962,248.95
FDI14,OUT045,140.2496,137.91
NCB54,OUT013,126.7336,128.96
NCR06,OUT035,40.8112,70.91
NCB42,OUT017,114.8492,122.08
FDU11,OUT045,119.7098,124.77
FDQ26,OUT027,57.2562,92.3
FDB33,OUT045,160.4262,152.56
FDM60,OUT013,39.3138,106.25
FDX01,OUT045,116.715,115.97
NCZ18,OUT045,255.5698,243.16
FDG57,OUT018,48.5034,56.81
FDT40,OUT013,125.8678,130.89
NCT30,OUT017,46.9718,65.83
FDT43,OUT035,49.9324,63.92
DRG03,OUT027,153.9998,136.86
FDR36,OUT013,40.2454,60.79
FDJ14,OUT019,78.896,117.55
FDM34,OUT018,130.8626,169.47
FDS01,OUT019,179.6686,140.54
DRL60,OUT049,151.7682,145.02
FDE21,OUT049,117.7492,134.27
FDW12,OUT013,143.3444,141.56
FDQ51,OUT035,48.3718,61.7
DRJ13,OUT035,160.9578,150.55
FDM38,OUT013,53.6982,101.87
FDG17,OUT017,244.4486,223.58
FDD11,OUT027,254.704,237.31
FDS21,OUT010,61.9194,124.32
DRD12,OUT035,93.1146,97.02
DRJ37,OUT017,150.4024,133.27
FDS56,OUT046,260.7252,257.21
FDF10,OUT045,145.6418,151.97
FDF16,OUT013,149.8076,146.45
FDE40,OUT019,60.0194,107.72
FDA58,OUT046,235.8932,216.1
FDQ23,OUT017,103.3332,117.74
FDU27,OUT013,48.8376,64.4
DRF03,OUT027,39.7138,100.44
FDJ58,OUT019,172.6764,138.84
FDL48,OUT017,49.2034,86.56
FDJ60,OUT046,166.9184,162.39
NCV41,OUT049,109.5228,117.76
FDC08,OUT010,228.272,182.76
DRE12,OUT046,114.586,118.51
FDI20,OUT018,210.8586,197.05
FDY07,OUT013,46.8402,75.57
NCI54,OUT049,108.9912,110.64
NCP30,OUT027,37.4822,87.36
FDC04,OUT049,242.3854,216.31
FDY16,OUT045,183.6266,172.62
DRE27,OUT049,98.0726,110.75
FDO49,OUT049,48.9008,87.43
FDP09,OUT049,213.5902,191.57
FDS36,OUT049,111.857,113.78
